{"data":[{"parameter set":[{"A":[[1,0],[-1,0],[0,1],[0,-1]],"b":[0.3,-0.2,0.5,-0.2]}],"flowpipe":[[{"A":[[1,0,0,0,0],[0,1,0,0,0],[0,0,1,0,0],[0,0,0,1,0],[0,0,0,0,1],[-1,0,0,0,0],[0,-1,0,0,0],[0,0,-1,0,0],[0,0,0,-1,0],[0,0,0,0,-1]],"b":[0.8,0,0,0.2,0,-0.79,0,0,-0.19,0]}],[{"A":[[1,0,0,0,0],[0,1,0,0,0],[0,0,1,0,0],[0,0,0,1,0],[0,0,0,0,1],[-1,0,0,0,0],[0,-1,0,0,0],[0,0,-1,0,0],[0,0,0,-1,0],[0,0,0,0,-1]],"b":[0.78632,0.0144,0,0.1944,0.0056,-0.77578,-0.013509,0,-0.18468,-0.00532]}],[{"A":[[1,0,0,0,0],[0,1,0,0,0],[0,0,1,0,0],[0,0,0,1,0],[0,0,0,0,1],[-1,0,0,0,0],[0,-1,0,0,0],[0,0,-1,0,0],[0,0,0,-1,0],[0,0,0,0,-1]],"b":[0.77325,0.0271495,0.000432,0.189677,0.0110432,-0.762207,-0.0253227,-0.00027018,-0.180184,-0.010491]}]]}],"axes":[0,1,2],"what":"flowpipe"}
