{"data":[{"parameter set":[{"A":[[1,0],[-1,0],[0,1],[0,-1]],"b":[0.3,-0.2,0.5,-0.2]}],"flowpipe":[[{"A":[[1,0,0,0,0],[0,1,0,0,0],[0,0,1,0,0],[0,0,0,1,0],[0,0,0,0,1],[-1,0,0,0,0],[0,-1,0,0,0],[0,0,-1,0,0],[0,0,0,-1,0],[0,0,0,0,-1]],"b":[0.77325,0.0271495,0.000432,0.189677,0.0110432,-0.762207,-0.0253227,-0.00027018,-0.180184,-0.010491]}]]}],"axes":[0,1,2],"what":"flowpipe"}
